Category,Problem
Arrays & Hashing,Contains Duplicate
Arrays & Hashing,Valid Anagram
Arrays & Hashing,Two Sum
Arrays & Hashing,Group Anagrams
Arrays & Hashing,Top K Frequent Elements
Arrays & Hashing,Encode and Decode Strings
Arrays & Hashing,Product of Array Except Self
Arrays & Hashing,Longest Consecutive Sequence
Two Pointers,Valid Palindrome
Two Pointers,3Sum
Two Pointers,Container With Most Water
Sliding Window,Best Time to Buy And Sell Stock
Sliding Window,Longest Substring Without Repeating Characters
Sliding Window,Longest Repeating Character Replacement
Sliding Window,Minimum Window Substring
Stack,Valid Parentheses
Binary Search,Find Minimum In Rotated Sorted Array
Binary Search,Search In Rotated Sorted Array
Linked List,Reverse Linked List
Linked List,Merge Two Sorted Lists
Linked List,Reorder List
Trees,Invert Binary Tree
Trees,Maximum Depth of Binary Tree
Trees,Same Tree
Trees,Subtree of Another Tree
Trees,Lowest Common Ancestor of a Binary Search Tree
Trees,Binary Tree Level Order Traversal
Trees,Validate Binary Search Tree
Trees,Kth Smallest Element In a Bst
Trees,Construct Binary Tree From Preorder And Inorder Traversal
Trees,Binary Tree Maximum Path Sum
Trees,Serialize And Deserialize Binary Tree
Trees,Find Median From Data Stream
Heap / Priority Queue,Combination Sum
Backtracking,Word Search
Backtracking,Implement Trie Prefix Tree
Tries,Design Add And Search Words Data Structure
Tries,Word Search II
Tries,Number of Islands
Graphs,Clone Graph
Graphs,Pacific Atlantic Water Flow
Graphs,Course Schedule
Graphs,Graph Valid Tree
Graphs,Number of Connected Components In An Undirected Graph
Graphs,Alien Dictionary
Advanced Graphs,Climbing Stairs
1-D Dynamic Programming,House Robber
1-D Dynamic Programming,House Robber II
1-D Dynamic Programming,Longest Palindromic Substring
1-D Dynamic Programming,Palindromic Substrings
1-D Dynamic Programming,Decode Ways
1-D Dynamic Programming,Coin Change
1-D Dynamic Programming,Maximum Product Subarray
1-D Dynamic Programming,Word Break
1-D Dynamic Programming,Unique Paths
2-D Dynamic Programming,Longest Common Subsequence
2-D Dynamic Programming,Maximum Subarray
Greedy,Jump Game
Greedy,Insert Interval
Intervals,Non Overlapping Intervals
Intervals,Rotate Image
Math & Geometry,Spiral Matrix
Math & Geometry,Set Matrix Zeroes
Math & Geometry,Number of 1 Bits
Bit Manipulation,Counting Bits
Bit Manipulation,Reverse Bits
Bit Manipulation,Missing Number
Bit Manipulation,Sum of Two Integers
